{"episode_id": 0, "content_type": "video/mp4", "encoder_version": {"backend": "ffmpeg", "version": "b'ffmpeg version 4.2.2 Copyright (c) 2000-2019 the FFmpeg developers\\r\\nbuilt with gcc 9.2.1 (GCC) 20200122\\r\\nconfiguration: --disable-static --enable-shared --enable-gpl --enable-version3 --enable-sdl2 --enable-fontconfig --enable-gnutls --enable-iconv --enable-libass --enable-libdav1d --enable-libbluray --enable-libfreetype --enable-libmp3lame --enable-libopencore-amrnb --enable-libopencore-amrwb --enable-libopenjpeg --enable-libopus --enable-libshine --enable-libsnappy --enable-libsoxr --enable-libtheora --enable-libtwolame --enable-libvpx --enable-libwavpack --enable-libwebp --enable-libx264 --enable-libx265 --enable-libxml2 --enable-libzimg --enable-lzma --enable-zlib --enable-gmp --enable-libvidstab --enable-libvorbis --enable-libvo-amrwbenc --enable-libmysofa --enable-libspeex --enable-libxvid --enable-libaom --enable-libmfx --enable-amf --enable-ffnvcodec --enable-cuvid --enable-d3d11va --enable-nvenc --enable-nvdec --enable-dxva2 --enable-avisynth --enable-libopenmpt\\r\\nlibavutil      56. 31.100 / 56. 31.100\\r\\nlibavcodec     58. 54.100 / 58. 54.100\\r\\nlibavformat    58. 29.100 / 58. 29.100\\r\\nlibavdevice    58.  8.100 / 58.  8.100\\r\\nlibavfilter     7. 57.100 /  7. 57.100\\r\\nlibswscale      5.  5.100 /  5.  5.100\\r\\nlibswresample   3.  5.100 /  3.  5.100\\r\\nlibpostproc    55.  5.100 / 55.  5.100\\r\\n'", "cmdline": ["ffmpeg", "-nostats", "-loglevel", "error", "-y", "-f", "rawvideo", "-s:v", "600x400", "-pix_fmt", "rgb24", "-framerate", "50", "-i", "-", "-vf", "scale=trunc(iw/2)*2:trunc(ih/2)*2", "-vcodec", "libx264", "-pix_fmt", "yuv420p", "-r", "50", "C:\\Users\\14197\\OneDrive\\Desktop\\TVDK_demo1\\record\\openaigym.video.0.21056.video000000.mp4"]}}